Student Name,PRN Number,Email Address
John Smith,PRN001,john.smith@email.com
Sarah Johnson,PRN002,sarah.johnson@email.com
Michael Brown,PRN003,michael.brown@email.com
Emily Davis,PRN004,emily.davis@email.com
David Wilson,PRN005,david.wilson@email.com
Lisa Anderson,PRN006,lisa.anderson@email.com
Robert Taylor,PRN007,robert.taylor@email.com
Jennifer Martinez,PRN008,jennifer.martinez@email.com
William Garcia,PRN009,william.garcia@email.com
Jessica Rodriguez,PRN010,jessica.rodriguez@email.com
Christopher Lee,PRN011,christopher.lee@email.com
Amanda White,PRN012,amanda.white@email.com
Matthew Harris,PRN013,matthew.harris@email.com
Ashley Clark,PRN014,ashley.clark@email.com
Daniel Lewis,PRN015,daniel.lewis@email.com
